{
    "name": "root",
    "gauges": {
        "AntAgent.Policy.Entropy.mean": {
            "value": 1.941209077835083,
            "min": 1.925026297569275,
            "max": 2.099313259124756,
            "count": 10
        },
        "AntAgent.Policy.Entropy.sum": {
            "value": 96998.3359375,
            "min": 96140.1171875,
            "max": 106338.609375,
            "count": 10
        },
        "AntAgent.Step.mean": {
            "value": 499996.0,
            "min": 49988.0,
            "max": 499996.0,
            "count": 10
        },
        "AntAgent.Step.sum": {
            "value": 499996.0,
            "min": 49988.0,
            "max": 499996.0,
            "count": 10
        },
        "AntAgent.Policy.ExtrinsicValueEstimate.mean": {
            "value": 2.979245662689209,
            "min": -17.38650894165039,
            "max": 2.979245662689209,
            "count": 10
        },
        "AntAgent.Policy.ExtrinsicValueEstimate.sum": {
            "value": 3688.30615234375,
            "min": -14674.2138671875,
            "max": 3688.30615234375,
            "count": 10
        },
        "AntAgent.Environment.EpisodeLength.mean": {
            "value": 63.68668407310705,
            "min": 58.23809523809524,
            "max": 657.8275862068965,
            "count": 10
        },
        "AntAgent.Environment.EpisodeLength.sum": {
            "value": 48784.0,
            "min": 38154.0,
            "max": 54075.0,
            "count": 10
        },
        "AntAgent.Environment.CumulativeReward.mean": {
            "value": 4.939947780678851,
            "min": -2344.0,
            "max": 5.0,
            "count": 10
        },
        "AntAgent.Environment.CumulativeReward.sum": {
            "value": 3784.0,
            "min": -135952.0,
            "max": 3931.0,
            "count": 10
        },
        "AntAgent.Policy.ExtrinsicReward.mean": {
            "value": 4.939947780678851,
            "min": -2344.0,
            "max": 5.0,
            "count": 10
        },
        "AntAgent.Policy.ExtrinsicReward.sum": {
            "value": 3784.0,
            "min": -135952.0,
            "max": 3931.0,
            "count": 10
        },
        "AntAgent.Losses.PolicyLoss.mean": {
            "value": 0.02530548599859079,
            "min": 0.021263414669859534,
            "max": 0.025475638032269977,
            "count": 10
        },
        "AntAgent.Losses.PolicyLoss.sum": {
            "value": 0.12652742999295394,
            "min": 0.08505365867943813,
            "max": 0.12737819016134988,
            "count": 10
        },
        "AntAgent.Losses.ValueLoss.mean": {
            "value": 1.6067832938830058,
            "min": 1.6067832938830058,
            "max": 3289.003801472982,
            "count": 10
        },
        "AntAgent.Losses.ValueLoss.sum": {
            "value": 8.03391646941503,
            "min": 8.03391646941503,
            "max": 13156.015205891928,
            "count": 10
        },
        "AntAgent.Policy.LearningRate.mean": {
            "value": 1.6421014526360005e-05,
            "min": 1.6421014526360005e-05,
            "max": 0.00028456800514399993,
            "count": 10
        },
        "AntAgent.Policy.LearningRate.sum": {
            "value": 8.210507263180002e-05,
            "min": 8.210507263180002e-05,
            "max": 0.0012841068719644,
            "count": 10
        },
        "AntAgent.Policy.Epsilon.mean": {
            "value": 0.10547364,
            "min": 0.10547364,
            "max": 0.194856,
            "count": 10
        },
        "AntAgent.Policy.Epsilon.sum": {
            "value": 0.5273682,
            "min": 0.4999382000000001,
            "max": 0.9280356,
            "count": 10
        },
        "AntAgent.Policy.Beta.mean": {
            "value": 0.00028313463600000016,
            "min": 0.00028313463600000016,
            "max": 0.0047433144,
            "count": 10
        },
        "AntAgent.Policy.Beta.sum": {
            "value": 0.0014156731800000007,
            "min": 0.0014156731800000007,
            "max": 0.021408976439999998,
            "count": 10
        },
        "AntAgent.IsTraining.mean": {
            "value": 1.0,
            "min": 1.0,
            "max": 1.0,
            "count": 10
        },
        "AntAgent.IsTraining.sum": {
            "value": 1.0,
            "min": 1.0,
            "max": 1.0,
            "count": 10
        }
    },
    "metadata": {
        "timer_format_version": "0.1.0",
        "start_time_seconds": "1732854057",
        "python_version": "3.10.0 (tags/v3.10.0:b494f59, Oct  4 2021, 19:00:18) [MSC v.1929 64 bit (AMD64)]",
        "command_line_arguments": "E:\\Users\\emman\\OneDrive\\Desktop\\Ants\\venv\\Scripts\\mlagents-learn --force",
        "mlagents_version": "0.30.0",
        "mlagents_envs_version": "0.30.0",
        "communication_protocol_version": "1.5.0",
        "pytorch_version": "2.5.1+cu121",
        "numpy_version": "1.21.2",
        "end_time_seconds": "1732854575"
    },
    "total": 517.6491158000426,
    "count": 1,
    "self": 0.007427100033964962,
    "children": {
        "run_training.setup": {
            "total": 0.020488400012254715,
            "count": 1,
            "self": 0.020488400012254715
        },
        "TrainerController.start_learning": {
            "total": 517.6212002999964,
            "count": 1,
            "self": 0.6893000013078563,
            "children": {
                "TrainerController._reset_env": {
                    "total": 9.618298599962145,
                    "count": 1,
                    "self": 9.618298599962145
                },
                "TrainerController.advance": {
                    "total": 507.24000379873905,
                    "count": 38231,
                    "self": 0.5531409105169587,
                    "children": {
                        "env_step": {
                            "total": 349.6321413948899,
                            "count": 38231,
                            "self": 212.08571467810543,
                            "children": {
                                "SubprocessEnvManager._take_step": {
                                    "total": 137.09217880346114,
                                    "count": 38232,
                                    "self": 1.8946720020030625,
                                    "children": {
                                        "TorchPolicy.evaluate": {
                                            "total": 135.19750680145808,
                                            "count": 34375,
                                            "self": 135.19750680145808
                                        }
                                    }
                                },
                                "workers": {
                                    "total": 0.4542479133233428,
                                    "count": 38231,
                                    "self": 0.0,
                                    "children": {
                                        "worker_root": {
                                            "total": 489.31197210378014,
                                            "count": 38231,
                                            "is_parallel": true,
                                            "self": 338.24992010288406,
                                            "children": {
                                                "steps_from_proto": {
                                                    "total": 0.0012706999550573528,
                                                    "count": 2,
                                                    "is_parallel": true,
                                                    "self": 0.0004906999529339373,