{
    "name": "root",
    "gauges": {
        "AntAgent.Policy.Entropy.mean": {
            "value": 1.3675609827041626,
            "min": 1.3675609827041626,
            "max": 1.4167762994766235,
            "count": 10
        },
        "AntAgent.Policy.Entropy.sum": {
            "value": 68378.046875,
            "min": 68378.046875,
            "max": 71795.140625,
            "count": 10
        },
        "AntAgent.Environment.EpisodeLength.mean": {
            "value": 6.803340096769158,
            "min": 6.803340096769158,
            "max": 76.202492211838,
            "count": 10
        },
        "AntAgent.Environment.EpisodeLength.sum": {
            "value": 43589.0,
            "min": 43589.0,
            "max": 48922.0,
            "count": 10
        },
        "AntAgent.Step.mean": {
            "value": 499995.0,
            "min": 49972.0,
            "max": 499995.0,
            "count": 10
        },
        "AntAgent.Step.sum": {
            "value": 499995.0,
            "min": 49972.0,
            "max": 499995.0,
            "count": 10
        },
        "AntAgent.Policy.ExtrinsicValueEstimate.mean": {
            "value": 0.9288106560707092,
            "min": -0.3234696090221405,
            "max": 0.9302980899810791,
            "count": 10
        },
        "AntAgent.Policy.ExtrinsicValueEstimate.sum": {
            "value": 5985.255859375,
            "min": -378.135986328125,
            "max": 5985.255859375,
            "count": 10
        },
        "AntAgent.Environment.CumulativeReward.mean": {
            "value": 0.987203495630462,
            "min": 0.12636505460218408,
            "max": 0.9903623059075495,
            "count": 10
        },
        "AntAgent.Environment.CumulativeReward.sum": {
            "value": 6326.0,
            "min": 81.0,
            "max": 6326.0,
            "count": 10
        },
        "AntAgent.Policy.ExtrinsicReward.mean": {
            "value": 0.987203495630462,
            "min": 0.12636505460218408,
            "max": 0.9903623059075495,
            "count": 10
        },
        "AntAgent.Policy.ExtrinsicReward.sum": {
            "value": 6326.0,
            "min": 81.0,
            "max": 6326.0,
            "count": 10
        },
        "AntAgent.Losses.PolicyLoss.mean": {
            "value": 0.023683205785540243,
            "min": 0.020904059046879413,
            "max": 0.02652636327159902,
            "count": 10
        },
        "AntAgent.Losses.PolicyLoss.sum": {
            "value": 0.11841602892770121,
            "min": 0.08470116672106087,
            "max": 0.1326318163579951,
            "count": 10
        },
        "AntAgent.Losses.ValueLoss.mean": {
            "value": 0.01914264370687306,
            "min": 0.01655727800913155,
            "max": 0.08567260046799977,
            "count": 10
        },
        "AntAgent.Losses.ValueLoss.sum": {
            "value": 0.0957132185343653,
            "min": 0.08278639004565776,
            "max": 0.42836300233999886,
            "count": 10
        },
        "AntAgent.Policy.LearningRate.mean": {
            "value": 1.6837894387400006e-05,
            "min": 1.6837894387400006e-05,
            "max": 0.00028459890513370003,
            "count": 10
        },
        "AntAgent.Policy.LearningRate.sum": {
            "value": 8.418947193700002e-05,
            "min": 8.418947193700002e-05,
            "max": 0.0012841356719548,
            "count": 10
        },
        "AntAgent.Policy.Epsilon.mean": {
            "value": 0.10561260000000001,
            "min": 0.10561260000000001,
            "max": 0.19486630000000002,
            "count": 10
        },
        "AntAgent.Policy.Epsilon.sum": {
            "value": 0.5280630000000001,
            "min": 0.5003266000000001,
            "max": 0.9280451999999999,
            "count": 10
        },
        "AntAgent.Policy.Beta.mean": {
            "value": 0.0002900687400000001,
            "min": 0.0002900687400000001,
            "max": 0.00474382837,
            "count": 10
        },
        "AntAgent.Policy.Beta.sum": {
            "value": 0.0014503437000000007,
            "min": 0.0014503437000000007,
            "max": 0.02140945548,
            "count": 10
        },
        "AntAgent.IsTraining.mean": {
            "value": 1.0,
            "min": 1.0,
            "max": 1.0,
            "count": 10
        },
        "AntAgent.IsTraining.sum": {
            "value": 1.0,
            "min": 1.0,
            "max": 1.0,
            "count": 10
        }
    },
    "metadata": {
        "timer_format_version": "0.1.0",
        "start_time_seconds": "1733002531",
        "python_version": "3.10.0 (tags/v3.10.0:b494f59, Oct  4 2021, 19:00:18) [MSC v.1929 64 bit (AMD64)]",
        "command_line_arguments": "E:\\Users\\emman\\OneDrive\\Desktop\\Ants\\venv\\Scripts\\mlagents-learn --force",
        "mlagents_version": "0.30.0",
        "mlagents_envs_version": "0.30.0",
        "communication_protocol_version": "1.5.0",
        "pytorch_version": "2.5.1+cu121",
        "numpy_version": "1.21.2",
        "end_time_seconds": "1733003074"
    },
    "total": 542.6922206999734,
    "count": 1,
    "self": 0.006025799899362028,
    "children": {
        "run_training.setup": {
            "total": 0.02080890000797808,
            "count": 1,
            "self": 0.02080890000797808
        },
        "TrainerController.start_learning": {
            "total": 542.6653860000661,
            "count": 1,
            "self": 0.7824861040571705,
            "children": {
                "TrainerController._reset_env": {
                    "total": 9.911831500008702,
                    "count": 1,
                    "self": 9.911831500008702
                },
                "TrainerController.advance": {
                    "total": 531.9125294960104,
                    "count": 50055,
                    "self": 0.6477755922824144,
                    "children": {
                        "env_step": {
                            "total": 298.43083469721023,
                            "count": 50055,
                            "self": 256.6528328061104,
                            "children": {
                                "SubprocessEnvManager._take_step": {
                                    "total": 41.300973583362065,
                                    "count": 50055,
                                    "self": 1.1749679889762774,
                                    "children": {
                                        "TorchPolicy.evaluate": {
                                            "total": 40.12600559438579,
                                            "count": 20005,
                                            "self": 40.12600559438579
                                        }
                                    }
                                },
                                "workers": {
                                    "total": 0.4770283077377826,
                                    "count": 50055,
                                    "self": 0.0,
                                    "children": {
                                        "worker_root": {
                                            "total": 533.2195048989961,
                                            "count": 50055,
                                            "is_parallel": true,
                                            "self": 318.43829758814536,
                                            "children": {
                                                "steps_from_proto": {
                                                    "total": 0.0006369000766426325,
                                                    "count": 1,
                                                    "is_parallel": true,
                                                    "self": 0.00014340016059577465,