{
    "name": "root",
    "gauges": {
        "AntAgent.Policy.Entropy.mean": {
            "value": 1.8202171325683594,
            "min": 1.8202171325683594,
            "max": 2.116947889328003,
            "count": 10
        },
        "AntAgent.Policy.Entropy.sum": {
            "value": 91229.28125,
            "min": 91020.3828125,
            "max": 106605.265625,
            "count": 10
        },
        "AntAgent.Step.mean": {
            "value": 499994.0,
            "min": 49981.0,
            "max": 499994.0,
            "count": 10
        },
        "AntAgent.Step.sum": {
            "value": 499994.0,
            "min": 49981.0,
            "max": 499994.0,
            "count": 10
        },
        "AntAgent.Policy.ExtrinsicValueEstimate.mean": {
            "value": 0.7383524775505066,
            "min": 0.0958680510520935,
            "max": 0.7401682138442993,
            "count": 10
        },
        "AntAgent.Policy.ExtrinsicValueEstimate.sum": {
            "value": 608.4024658203125,
            "min": 77.65312194824219,
            "max": 608.4024658203125,
            "count": 10
        },
        "AntAgent.Environment.EpisodeLength.mean": {
            "value": 653.0,
            "min": 605.9629629629629,
            "max": 1138.8108108108108,
            "count": 10
        },
        "AntAgent.Environment.EpisodeLength.sum": {
            "value": 48975.0,
            "min": 42136.0,
            "max": 51689.0,
            "count": 10
        },
        "AntAgent.Environment.CumulativeReward.mean": {
            "value": 4.466666666666667,
            "min": 2.7027027027027026,
            "max": 4.8125,
            "count": 10
        },
        "AntAgent.Environment.CumulativeReward.sum": {
            "value": 335.0,
            "min": 100.0,
            "max": 385.0,
            "count": 10
        },
        "AntAgent.Policy.ExtrinsicReward.mean": {
            "value": 4.466666666666667,
            "min": 2.7027027027027026,
            "max": 4.8125,
            "count": 10
        },
        "AntAgent.Policy.ExtrinsicReward.sum": {
            "value": 335.0,
            "min": 100.0,
            "max": 385.0,
            "count": 10
        },
        "AntAgent.Losses.PolicyLoss.mean": {
            "value": 0.024886723243010538,
            "min": 0.020242854887619614,
            "max": 0.026521440111100674,
            "count": 10
        },
        "AntAgent.Losses.PolicyLoss.sum": {
            "value": 0.1244336162150527,
            "min": 0.10121427443809806,
            "max": 0.13260720055550337,
            "count": 10
        },
        "AntAgent.Losses.ValueLoss.mean": {
            "value": 0.15940181391934555,
            "min": 0.056004038002235274,
            "max": 0.19126701310276983,
            "count": 10
        },
        "AntAgent.Losses.ValueLoss.sum": {
            "value": 0.7970090695967277,
            "min": 0.2240161520089411,
            "max": 0.9563350655138492,
            "count": 10
        },
        "AntAgent.Policy.LearningRate.mean": {
            "value": 1.5790894736400007e-05,
            "min": 1.5790894736400007e-05,
            "max": 0.00028414320528559993,
            "count": 10
        },
        "AntAgent.Policy.LearningRate.sum": {
            "value": 7.895447368200004e-05,
            "min": 7.895447368200004e-05,
            "max": 0.001281603072799,
            "count": 10
        },
        "AntAgent.Policy.Epsilon.mean": {
            "value": 0.10526359999999998,
            "min": 0.10526359999999998,
            "max": 0.1947144,
            "count": 10
        },
        "AntAgent.Policy.Epsilon.sum": {
            "value": 0.526318,
            "min": 0.526318,
            "max": 0.9272010000000002,
            "count": 10
        },
        "AntAgent.Policy.Beta.mean": {
            "value": 0.00027265364000000013,
            "min": 0.00027265364000000013,
            "max": 0.00473624856,
            "count": 10
        },
        "AntAgent.Policy.Beta.sum": {
            "value": 0.0013632682000000007,
            "min": 0.0013632682000000007,
            "max": 0.0213673299,
            "count": 10
        },
        "AntAgent.IsTraining.mean": {
            "value": 1.0,
            "min": 1.0,
            "max": 1.0,
            "count": 10
        },
        "AntAgent.IsTraining.sum": {
            "value": 1.0,
            "min": 1.0,
            "max": 1.0,
            "count": 10
        }
    },
    "metadata": {
        "timer_format_version": "0.1.0",
        "start_time_seconds": "1732993005",
        "python_version": "3.10.0 (tags/v3.10.0:b494f59, Oct  4 2021, 19:00:18) [MSC v.1929 64 bit (AMD64)]",
        "command_line_arguments": "E:\\Users\\emman\\OneDrive\\Desktop\\Ants\\venv\\Scripts\\mlagents-learn --force",
        "mlagents_version": "0.30.0",
        "mlagents_envs_version": "0.30.0",
        "communication_protocol_version": "1.5.0",
        "pytorch_version": "2.5.1+cu121",
        "numpy_version": "1.21.2",
        "end_time_seconds": "1732993553"
    },
    "total": 547.0697255000705,
    "count": 1,
    "self": 0.006070600124076009,
    "children": {
        "run_training.setup": {
            "total": 0.022869399981573224,
            "count": 1,
            "self": 0.022869399981573224
        },
        "TrainerController.start_learning": {
            "total": 547.0407854999648,
            "count": 1,
            "self": 0.6685565076768398,
            "children": {
                "TrainerController._reset_env": {
                    "total": 14.275446700048633,
                    "count": 1,
                    "self": 14.275446700048633
                },
                "TrainerController.advance": {
                    "total": 532.0336205922067,
                    "count": 36323,
                    "self": 0.5732345076976344,
                    "children": {
                        "env_step": {
                            "total": 389.6081080988515,
                            "count": 36323,
                            "self": 265.91405831626616,
                            "children": {
                                "SubprocessEnvManager._take_step": {
                                    "total": 123.26671079115476,
                                    "count": 36323,
                                    "self": 1.9126725929090753,
                                    "children": {
                                        "TorchPolicy.evaluate": {
                                            "total": 121.35403819824569,
                                            "count": 35750,
                                            "self": 121.35403819824569
                                        }
                                    }
                                },
                                "workers": {
                                    "total": 0.42733899143058807,
                                    "count": 36323,
                                    "self": 0.0,
                                    "children": {
                                        "worker_root": {
                                            "total": 533.3296062782174,
                                            "count": 36323,
                                            "is_parallel": true,
                                            "self": 309.311260873219,
                                            "children": {
                                                "steps_from_proto": {
                                                    "total": 0.0007119000656530261,
                                                    "count": 1,
                                                    "is_parallel": true,
                                                    "self": 0.0002443001139909029,