{
    "name": "root",
    "gauges": {
        "AntAgent.Policy.Entropy.mean": {
            "value": 1.7267800569534302,
            "min": 1.7267800569534302,
            "max": 2.098081111907959,
            "count": 8
        },
        "AntAgent.Policy.Entropy.sum": {
            "value": 16991.515625,
            "min": 16991.515625,
            "max": 22491.4296875,
            "count": 8
        },
        "AntAgent.Environment.EpisodeLength.mean": {
            "value": 60.53048780487805,
            "min": 60.53048780487805,
            "max": 218.94117647058823,
            "count": 8
        },
        "AntAgent.Environment.EpisodeLength.sum": {
            "value": 9927.0,
            "min": 4963.0,
            "max": 12729.0,
            "count": 8
        },
        "AntAgent.Step.mean": {
            "value": 79965.0,
            "min": 9979.0,
            "max": 79965.0,
            "count": 8
        },
        "AntAgent.Step.sum": {
            "value": 79965.0,
            "min": 9979.0,
            "max": 79965.0,
            "count": 8
        },
        "AntAgent.Policy.ExtrinsicValueEstimate.mean": {
            "value": 10.395217895507812,
            "min": -52.91086959838867,
            "max": 10.395217895507812,
            "count": 8
        },
        "AntAgent.Policy.ExtrinsicValueEstimate.sum": {
            "value": 2546.828369140625,
            "min": -9682.689453125,
            "max": 2546.828369140625,
            "count": 8
        },
        "AntAgent.Environment.CumulativeReward.mean": {
            "value": 12.786585365853659,
            "min": -716.7083333333334,
            "max": 12.82876712328767,
            "count": 8
        },
        "AntAgent.Environment.CumulativeReward.sum": {
            "value": 2097.0,
            "min": -17201.0,
            "max": 2097.0,
            "count": 8
        },
        "AntAgent.Policy.ExtrinsicReward.mean": {
            "value": 12.786585365853659,
            "min": -716.7083333333334,
            "max": 12.82876712328767,
            "count": 8
        },
        "AntAgent.Policy.ExtrinsicReward.sum": {
            "value": 2097.0,
            "min": -17201.0,
            "max": 2097.0,
            "count": 8
        },
        "AntAgent.Losses.PolicyLoss.mean": {
            "value": 0.10091721695547069,
            "min": 0.0947497363241079,
            "max": 0.10091721695547069,
            "count": 8
        },
        "AntAgent.Losses.PolicyLoss.sum": {
            "value": 0.40366886782188277,
            "min": 0.38774800651765345,
            "max": 0.4978567305726293,
            "count": 8
        },
        "AntAgent.Losses.ValueLoss.mean": {
            "value": 3.6473957107712827,
            "min": 3.6473957107712827,
            "max": 1868.076523623912,
            "count": 8
        },
        "AntAgent.Losses.ValueLoss.sum": {
            "value": 14.58958284308513,
            "min": 14.58958284308513,
            "max": 7472.306094495648,
            "count": 8
        },
        "AntAgent.Policy.LearningRate.mean": {
            "value": 0.00025490836503054993,
            "min": 0.00025490836503054993,
            "max": 0.00029638515120495007,
            "count": 8
        },
        "AntAgent.Policy.LearningRate.sum": {
            "value": 0.0010196334601221997,
            "min": 0.0010196334601221997,
            "max": 0.0014273472242175998,
            "count": 8
        },
        "AntAgent.Policy.Epsilon.mean": {
            "value": 0.18496945,
            "min": 0.18496945,
            "max": 0.19879505,
            "count": 8
        },
        "AntAgent.Policy.Epsilon.sum": {
            "value": 0.7398778,
            "min": 0.7398778,
            "max": 0.9757824,
            "count": 8
        },
        "AntAgent.Policy.Beta.mean": {
            "value": 0.00042635030500000006,
            "min": 0.00042635030500000006,
            "max": 0.000494095745,
            "count": 8
        },
        "AntAgent.Policy.Beta.sum": {
            "value": 0.0017054012200000003,
            "min": 0.0017054012200000003,
            "max": 0.00238133376,
            "count": 8
        },
        "AntAgent.IsTraining.mean": {
            "value": 1.0,
            "min": 1.0,
            "max": 1.0,
            "count": 8
        },
        "AntAgent.IsTraining.sum": {
            "value": 1.0,
            "min": 1.0,
            "max": 1.0,
            "count": 8
        }
    },
    "metadata": {
        "timer_format_version": "0.1.0",
        "start_time_seconds": "1731118549",
        "python_version": "3.10.0 (tags/v3.10.0:b494f59, Oct  4 2021, 19:00:18) [MSC v.1929 64 bit (AMD64)]",
        "command_line_arguments": "E:\\Users\\emman\\OneDrive\\Desktop\\Ants\\venv\\Scripts\\mlagents-learn .\\Assets\\config\\AntAgent.yaml --force",
        "mlagents_version": "0.30.0",
        "mlagents_envs_version": "0.30.0",
        "communication_protocol_version": "1.5.0",
        "pytorch_version": "2.5.1+cu121",
        "numpy_version": "1.21.2",
        "end_time_seconds": "1731118691"
    },
    "total": 142.39240409998456,
    "count": 1,
    "self": 0.004748299950733781,
    "children": {
        "run_training.setup": {
            "total": 0.07185020000906661,
            "count": 1,
            "self": 0.07185020000906661
        },
        "TrainerController.start_learning": {
            "total": 142.31580560002476,
            "count": 1,
            "self": 0.0910375970415771,
            "children": {
                "TrainerController._reset_env": {
                    "total": 14.385884299990721,
                    "count": 1,
                    "self": 14.385884299990721
                },
                "TrainerController.advance": {
                    "total": 127.71784750296501,
                    "count": 5003,
                    "self": 0.07495460647623986,
                    "children": {
                        "env_step": {
                            "total": 52.870599297690205,
                            "count": 5003,
                            "self": 34.74010899994755,
                            "children": {
                                "SubprocessEnvManager._take_step": {
                                    "total": 18.073285299295094,
                                    "count": 5003,
                                    "self": 0.2608799986192025,
                                    "children": {
                                        "TorchPolicy.evaluate": {
                                            "total": 17.81240530067589,
                                            "count": 4253,
                                            "self": 17.81240530067589
                                        }
                                    }
                                },
                                "workers": {
                                    "total": 0.057204998447559774,
                                    "count": 5002,
                                    "self": 0.0,
                                    "children": {
                                        "worker_root": {
                                            "total": 124.93059290101519,
                                            "count": 5002,
                                            "is_parallel": true,
                                            "self": 100.2342396050226,
                                            "children": {
                                                "steps_from_proto": {
                                                    "total": 0.00073050003265962,
                                                    "count": 1,
                                                    "is_parallel": true,
                                                    "self": 0.0002521999995224178,