{
    "name": "root",
    "gauges": {
        "AntAgent.Policy.Entropy.mean": {
            "value": 1.4085814952850342,
            "min": 1.4085814952850342,
            "max": 1.4269450902938843,
            "count": 10
        },
        "AntAgent.Policy.Entropy.sum": {
            "value": 70417.8046875,
            "min": 70253.984375,
            "max": 71848.9140625,
            "count": 10
        },
        "AntAgent.Environment.EpisodeLength.mean": {
            "value": 396.472,
            "min": 32.08278145695364,
            "max": 396.472,
            "count": 10
        },
        "AntAgent.Environment.EpisodeLength.sum": {
            "value": 49559.0,
            "min": 46024.0,
            "max": 51587.0,
            "count": 10
        },
        "AntAgent.Step.mean": {
            "value": 499993.0,
            "min": 49985.0,
            "max": 499993.0,
            "count": 10
        },
        "AntAgent.Step.sum": {
            "value": 499993.0,
            "min": 49985.0,
            "max": 499993.0,
            "count": 10
        },
        "AntAgent.Policy.ExtrinsicValueEstimate.mean": {
            "value": 424.2291564941406,
            "min": 7.069347381591797,
            "max": 424.2291564941406,
            "count": 10
        },
        "AntAgent.Policy.ExtrinsicValueEstimate.sum": {
            "value": 357625.1875,
            "min": 11622.0068359375,
            "max": 357625.1875,
            "count": 10
        },
        "AntAgent.Environment.CumulativeReward.mean": {
            "value": 2282.12,
            "min": 92.49304174950298,
            "max": 2282.12,
            "count": 10
        },
        "AntAgent.Environment.CumulativeReward.sum": {
            "value": 285265.0,
            "min": 139572.0,
            "max": 295623.0,
            "count": 10
        },
        "AntAgent.Policy.ExtrinsicReward.mean": {
            "value": 2282.12,
            "min": 92.49304174950298,
            "max": 2282.12,
            "count": 10
        },
        "AntAgent.Policy.ExtrinsicReward.sum": {
            "value": 285265.0,
            "min": 139572.0,
            "max": 295623.0,
            "count": 10
        },
        "AntAgent.Losses.PolicyLoss.mean": {
            "value": 0.02516558499696354,
            "min": 0.020558436596766115,
            "max": 0.02590517362890144,
            "count": 10
        },
        "AntAgent.Losses.PolicyLoss.sum": {
            "value": 0.1258279249848177,
            "min": 0.0942586762830615,
            "max": 0.1295258681445072,
            "count": 10
        },
        "AntAgent.Losses.ValueLoss.mean": {
            "value": 5442.687124023438,
            "min": 3538.077038574219,
            "max": 6464.3210611979175,
            "count": 10
        },
        "AntAgent.Losses.ValueLoss.sum": {
            "value": 27213.435620117187,
            "min": 14152.308154296876,
            "max": 32321.605305989586,
            "count": 10
        },
        "AntAgent.Policy.LearningRate.mean": {
            "value": 1.6477054507680004e-05,
            "min": 1.6477054507680004e-05,
            "max": 0.0002846173551275499,
            "count": 10
        },
        "AntAgent.Policy.LearningRate.sum": {
            "value": 8.238527253840002e-05,
            "min": 8.238527253840002e-05,
            "max": 0.001284531071823,
            "count": 10
        },
        "AntAgent.Policy.Epsilon.mean": {
            "value": 0.10549232000000001,
            "min": 0.10549232000000001,
            "max": 0.19487245000000003,
            "count": 10
        },
        "AntAgent.Policy.Epsilon.sum": {
            "value": 0.5274616000000001,
            "min": 0.5000908000000001,
            "max": 0.928177,
            "count": 10
        },
        "AntAgent.Policy.Beta.mean": {
            "value": 0.000284066768,
            "min": 0.000284066768,
            "max": 0.004744135255,
            "count": 10
        },
        "AntAgent.Policy.Beta.sum": {
            "value": 0.00142033384,
            "min": 0.00142033384,
            "max": 0.021416032300000006,
            "count": 10
        },
        "AntAgent.IsTraining.mean": {
            "value": 1.0,
            "min": 1.0,
            "max": 1.0,
            "count": 10
        },
        "AntAgent.IsTraining.sum": {
            "value": 1.0,
            "min": 1.0,
            "max": 1.0,
            "count": 10
        }
    },
    "metadata": {
        "timer_format_version": "0.1.0",
        "start_time_seconds": "1733173756",
        "python_version": "3.10.0 (tags/v3.10.0:b494f59, Oct  4 2021, 19:00:18) [MSC v.1929 64 bit (AMD64)]",
        "command_line_arguments": "E:\\Users\\emman\\OneDrive\\Desktop\\Ants\\venv\\Scripts\\mlagents-learn --force",
        "mlagents_version": "0.30.0",
        "mlagents_envs_version": "0.30.0",
        "communication_protocol_version": "1.5.0",
        "pytorch_version": "2.5.1+cu121",
        "numpy_version": "1.21.2",
        "end_time_seconds": "1733174088"
    },
    "total": 331.9056162999477,
    "count": 1,
    "self": 0.006338399951346219,
    "children": {
        "run_training.setup": {
            "total": 0.02116200001910329,
            "count": 1,
            "self": 0.02116200001910329
        },
        "TrainerController.start_learning": {
            "total": 331.8781158999773,
            "count": 1,
            "self": 0.3807119062403217,
            "children": {
                "TrainerController._reset_env": {
                    "total": 9.600912199937738,
                    "count": 1,
                    "self": 9.600912199937738
                },
                "TrainerController.advance": {
                    "total": 321.84162779385224,
                    "count": 24091,
                    "self": 0.3160833064466715,
                    "children": {
                        "env_step": {
                            "total": 184.91577528929338,
                            "count": 24091,
                            "self": 140.62922299071215,
                            "children": {
                                "SubprocessEnvManager._take_step": {
                                    "total": 44.043258892488666,
                                    "count": 24091,
                                    "self": 1.1001055946107954,
                                    "children": {
                                        "TorchPolicy.evaluate": {
                                            "total": 42.94315329787787,
                                            "count": 20863,
                                            "self": 42.94315329787787
                                        }
                                    }
                                },
                                "workers": {
                                    "total": 0.24329340609256178,
                                    "count": 24091,
                                    "self": 0.0,
                                    "children": {
                                        "worker_root": {
                                            "total": 323.1560918961186,
                                            "count": 24091,
                                            "is_parallel": true,
                                            "self": 209.94752430077642,
                                            "children": {
                                                "steps_from_proto": {
                                                    "total": 0.0004879001062363386,
                                                    "count": 1,
                                                    "is_parallel": true,
                                                    "self": 0.00011990021448582411,